{"cameraMode":{"drawMode":0,"name":"Shaded","section":"Shading Mode"},"sceneLighting":true,"audioPlay":false,"sceneViewState":{"showFog":true,"showMaterialUpdate":true,"showSkybox":true,"showFlares":true,"showImageEffects":true,"showParticleSystems":true},"in2DMode":false,"pivot":{"x":0.9480109214782715,"y":0.38277125358581545,"z":-0.9344675540924072},"rotation":{"x":-0.04833449423313141,"y":0.949429452419281,"z":-0.18339137732982636,"w":-0.25023096799850466},"size":2.6886403560638429,"orthographic":false}